1771029405688,1880,Petición HTTP,200,OK,pagos_servicios 1-1,text,true,,585,270,2,2,https://homebanking-demo.onrender.com/pagos/servicios,1880,0,306,null,null,null,null,null,null,null,null,null,null,null
1771029406690,2066,Petición HTTP,200,OK,pagos_servicios 1-2,text,true,,585,270,3,3,https://homebanking-demo.onrender.com/pagos/servicios,2066,0,116,null,null,null,null,null,null,null,null,null,null,null
1771029407690,2270,Petición HTTP,200,OK,pagos_servicios 1-3,text,true,,585,270,3,3,https://homebanking-demo.onrender.com/pagos/servicios,2269,0,107,null,null,null,null,null,null,null,null,null,null,null
1771029408689,2469,Petición HTTP,200,OK,pagos_servicios 1-4,text,true,,585,270,3,3,https://homebanking-demo.onrender.com/pagos/servicios,2469,0,109,null,null,null,null,null,null,null,null,null,null,null
1771029409690,2669,Petición HTTP,200,OK,pagos_servicios 1-5,text,true,,585,270,3,3,https://homebanking-demo.onrender.com/pagos/servicios,2669,0,119,null,null,null,null,null,null,null,null,null,null,null
1771029411689,1880,Petición HTTP,200,OK,pagos_servicios 1-7,text,true,,585,270,3,3,https://homebanking-demo.onrender.com/pagos/servicios,1879,0,120,null,null,null,null,null,null,null,null,null,null,null
1771029410686,4097,Petición HTTP,200,OK,pagos_servicios 1-6,text,true,,585,270,4,4,https://homebanking-demo.onrender.com/pagos/servicios,4097,0,150,null,null,null,null,null,null,null,null,null,null,null
1771029412688,3287,Petición HTTP,200,OK,pagos_servicios 1-8,text,true,,585,270,4,4,https://homebanking-demo.onrender.com/pagos/servicios,3286,0,148,null,null,null,null,null,null,null,null,null,null,null
1771029413688,3491,Petición HTTP,200,OK,pagos_servicios 1-9,text,true,,585,270,4,4,https://homebanking-demo.onrender.com/pagos/servicios,3490,0,140,null,null,null,null,null,null,null,null,null,null,null
1771029414688,2678,Petición HTTP,Non HTTP response code: javax.net.ssl.SSLException,Non HTTP response message: Socket closed,pagos_servicios 1-10,text,false,"""Transferencia realizada exitosamente""",3679,0,4,4,https://homebanking-demo.onrender.com/pagos/servicios,0,0,113,null,null,null,null,null,null,null,null,null,null,null
1771029416702,665,Petición HTTP,Non HTTP response code: javax.net.ssl.SSLException,Non HTTP response message: Socket closed,pagos_servicios 1-12,text,false,"""Transferencia realizada exitosamente""",3679,0,3,3,https://homebanking-demo.onrender.com/pagos/servicios,0,0,115,null,null,null,null,null,null,null,null,null,null,null
1771029415689,1679,Petición HTTP,Non HTTP response code: javax.net.ssl.SSLException,Non HTTP response message: Socket closed,pagos_servicios 1-11,text,false,"""Transferencia realizada exitosamente""",3679,0,1,1,https://homebanking-demo.onrender.com/pagos/servicios,0,0,110,null,null,null,null,null,null,null,null,null,null,null
1771029672115,1502,Petición HTTP,200,OK,pagos_servicios 1-1,text,false,"""Transferencia realizada exitosamente""",433,270,2,2,https://homebanking-demo.onrender.com/pagos/servicios,1502,0,128,null,null,null,null,null,null,null,null,null,null,null
1771029673128,1765,Petición HTTP,200,OK,pagos_servicios 1-2,text,false,"""Transferencia realizada exitosamente""",433,270,2,2,https://homebanking-demo.onrender.com/pagos/servicios,1764,0,148,null,null,null,null,null,null,null,null,null,null,null
1771029674114,2013,Petición HTTP,200,OK,pagos_servicios 1-3,text,false,"""Transferencia realizada exitosamente""",433,270,3,3,https://homebanking-demo.onrender.com/pagos/servicios,2013,0,152,null,null,null,null,null,null,null,null,null,null,null
1771029675114,2164,Petición HTTP,200,OK,pagos_servicios 1-4,text,false,"""Transferencia realizada exitosamente""",433,270,3,3,https://homebanking-demo.onrender.com/pagos/servicios,2163,0,115,null,null,null,null,null,null,null,null,null,null,null
1771029676114,2371,Petición HTTP,200,OK,pagos_servicios 1-5,text,false,"""Transferencia realizada exitosamente""",433,270,3,3,https://homebanking-demo.onrender.com/pagos/servicios,2371,0,133,null,null,null,null,null,null,null,null,null,null,null
1771029677114,2573,Petición HTTP,200,OK,pagos_servicios 1-6,text,false,"""Transferencia realizada exitosamente""",433,270,3,3,https://homebanking-demo.onrender.com/pagos/servicios,2573,0,107,null,null,null,null,null,null,null,null,null,null,null
1771029679114,1775,Petición HTTP,200,OK,pagos_servicios 1-8,text,false,"""Transferencia realizada exitosamente""",433,270,3,3,https://homebanking-demo.onrender.com/pagos/servicios,1774,0,112,null,null,null,null,null,null,null,null,null,null,null
1771029678113,3978,Petición HTTP,200,OK,pagos_servicios 1-7,text,false,"""Transferencia realizada exitosamente""",433,270,3,3,https://homebanking-demo.onrender.com/pagos/servicios,3977,0,110,null,null,null,null,null,null,null,null,null,null,null
1771029680114,3171,Petición HTTP,200,OK,pagos_servicios 1-9,text,false,"""Transferencia realizada exitosamente""",433,270,4,4,https://homebanking-demo.onrender.com/pagos/servicios,3171,0,113,null,null,null,null,null,null,null,null,null,null,null
1771029681118,3372,Petición HTTP,200,OK,pagos_servicios 1-10,text,false,"""Transferencia realizada exitosamente""",433,270,4,4,https://homebanking-demo.onrender.com/pagos/servicios,3371,0,112,null,null,null,null,null,null,null,null,null,null,null
1771029682118,3637,Petición HTTP,200,OK,pagos_servicios 1-11,text,false,"""Transferencia realizada exitosamente""",433,270,4,4,https://homebanking-demo.onrender.com/pagos/servicios,3637,0,161,null,null,null,null,null,null,null,null,null,null,null
1771029683115,3800,Petición HTTP,200,OK,pagos_servicios 1-12,text,false,"""Transferencia realizada exitosamente""",433,270,4,4,https://homebanking-demo.onrender.com/pagos/servicios,3799,0,153,null,null,null,null,null,null,null,null,null,null,null
1771029685115,2980,Petición HTTP,200,OK,pagos_servicios 1-14,text,false,"""Transferencia realizada exitosamente""",433,270,4,4,https://homebanking-demo.onrender.com/pagos/servicios,2980,0,118,null,null,null,null,null,null,null,null,null,null,null
1771029686115,3193,Petición HTTP,200,OK,pagos_servicios 1-15,text,false,"""Transferencia realizada exitosamente""",433,270,5,5,https://homebanking-demo.onrender.com/pagos/servicios,3192,0,142,null,null,null,null,null,null,null,null,null,null,null
1771029684115,6383,Petición HTTP,200,OK,pagos_servicios 1-13,text,false,"""Transferencia realizada exitosamente""",433,270,5,5,https://homebanking-demo.onrender.com/pagos/servicios,6382,0,128,null,null,null,null,null,null,null,null,null,null,null
1771029687114,4552,Petición HTTP,Non HTTP response code: javax.net.ssl.SSLException,Non HTTP response message: Socket closed,pagos_servicios 1-16,text,false,"""Transferencia realizada exitosamente""",3679,0,5,5,https://homebanking-demo.onrender.com/pagos/servicios,0,0,112,null,null,null,null,null,null,null,null,null,null,null
1771029688115,3552,Petición HTTP,Non HTTP response code: javax.net.ssl.SSLException,Non HTTP response message: Socket closed,pagos_servicios 1-17,text,false,"""Transferencia realizada exitosamente""",3679,0,5,5,https://homebanking-demo.onrender.com/pagos/servicios,0,0,118,null,null,null,null,null,null,null,null,null,null,null
1771029689115,2553,Petición HTTP,Non HTTP response code: javax.net.ssl.SSLException,Non HTTP response message: Socket closed,pagos_servicios 1-18,text,false,"""Transferencia realizada exitosamente""",3679,0,3,3,https://homebanking-demo.onrender.com/pagos/servicios,0,0,112,null,null,null,null,null,null,null,null,null,null,null
1771029690115,1555,Petición HTTP,Non HTTP response code: javax.net.ssl.SSLException,Non HTTP response message: Socket closed,pagos_servicios 1-19,text,false,"""Transferencia realizada exitosamente""",3679,0,2,2,https://homebanking-demo.onrender.com/pagos/servicios,0,0,142,null,null,null,null,null,null,null,null,null,null,null
1771029691114,557,Petición HTTP,Non HTTP response code: javax.net.ssl.SSLException,Non HTTP response message: Socket closed,pagos_servicios 1-20,text,false,"""Transferencia realizada exitosamente""",3679,0,1,1,https://homebanking-demo.onrender.com/pagos/servicios,0,0,140,null,null,null,null,null,null,null,null,null,null,null
1771029714574,1593,Petición HTTP,200,OK,pagos_servicios 1-1,text,false,"""Transferencia realizada exitosamente""",433,270,2,2,https://homebanking-demo.onrender.com/pagos/servicios,1592,0,227,null,null,null,null,null,null,null,null,null,null,null
1771029715584,1782,Petición HTTP,200,OK,pagos_servicios 1-2,text,false,"""Transferencia realizada exitosamente""",433,270,2,2,https://homebanking-demo.onrender.com/pagos/servicios,1782,0,106,null,null,null,null,null,null,null,null,null,null,null
1771029716573,1994,Petición HTTP,200,OK,pagos_servicios 1-3,text,false,"""Transferencia realizada exitosamente""",433,270,2,2,https://homebanking-demo.onrender.com/pagos/servicios,1994,0,107,null,null,null,null,null,null,null,null,null,null,null
1771029717573,2199,Petición HTTP,200,OK,pagos_servicios 1-4,text,false,"""Transferencia realizada exitosamente""",433,270,3,3,https://homebanking-demo.onrender.com/pagos/servicios,2199,0,114,null,null,null,null,null,null,null,null,null,null,null
1771029718574,2400,Petición HTTP,200,OK,pagos_servicios 1-5,text,false,"""Transferencia realizada exitosamente""",433,270,3,3,https://homebanking-demo.onrender.com/pagos/servicios,2400,0,105,null,null,null,null,null,null,null,null,null,null,null
1771029719573,2608,Petición HTTP,200,OK,pagos_servicios 1-6,text,false,"""Transferencia realizada exitosamente""",433,270,3,3,https://homebanking-demo.onrender.com/pagos/servicios,2608,0,107,null,null,null,null,null,null,null,null,null,null,null
1771029721575,1849,Petición HTTP,200,OK,pagos_servicios 1-8,text,false,"""Transferencia realizada exitosamente""",433,270,3,3,https://homebanking-demo.onrender.com/pagos/servicios,1842,0,114,null,null,null,null,null,null,null,null,null,null,null
1771029720575,4002,Petición HTTP,200,OK,pagos_servicios 1-7,text,false,"""Transferencia realizada exitosamente""",433,270,3,3,https://homebanking-demo.onrender.com/pagos/servicios,4001,0,106,null,null,null,null,null,null,null,null,null,null,null
1771029722573,3205,Petición HTTP,200,OK,pagos_servicios 1-9,text,false,"""Transferencia realizada exitosamente""",433,270,4,4,https://homebanking-demo.onrender.com/pagos/servicios,3205,0,113,null,null,null,null,null,null,null,null,null,null,null
1771029723575,3414,Petición HTTP,200,OK,pagos_servicios 1-10,text,false,"""Transferencia realizada exitosamente""",433,270,4,4,https://homebanking-demo.onrender.com/pagos/servicios,3413,0,113,null,null,null,null,null,null,null,null,null,null,null
1771029724586,3626,Petición HTTP,200,OK,pagos_servicios 1-11,text,false,"""Transferencia realizada exitosamente""",433,270,4,4,https://homebanking-demo.onrender.com/pagos/servicios,3625,0,151,null,null,null,null,null,null,null,null,null,null,null
1771029725574,3814,Petición HTTP,200,OK,pagos_servicios 1-12,text,false,"""Transferencia realizada exitosamente""",433,270,4,4,https://homebanking-demo.onrender.com/pagos/servicios,3813,0,112,null,null,null,null,null,null,null,null,null,null,null
1771029727573,3016,Petición HTTP,200,OK,pagos_servicios 1-14,text,false,"""Transferencia realizada exitosamente""",433,270,5,5,https://homebanking-demo.onrender.com/pagos/servicios,3016,0,1129,null,null,null,null,null,null,null,null,null,null,null
1771029729573,1841,Petición HTTP,Non HTTP response code: javax.net.ssl.SSLException,Non HTTP response message: Socket closed,pagos_servicios 1-16,text,false,"""Transferencia realizada exitosamente""",3679,0,4,4,https://homebanking-demo.onrender.com/pagos/servicios,0,0,105,null,null,null,null,null,null,null,null,null,null,null
1771029726575,4841,Petición HTTP,Non HTTP response code: javax.net.ssl.SSLException,Non HTTP response message: Socket closed,pagos_servicios 1-13,text,false,"""Transferencia realizada exitosamente""",3679,0,7,7,https://homebanking-demo.onrender.com/pagos/servicios,0,0,148,null,null,null,null,null,null,null,null,null,null,null
1771029730573,844,Petición HTTP,Non HTTP response code: javax.net.ssl.SSLException,Non HTTP response message: Socket closed,pagos_servicios 1-17,text,false,"""Transferencia realizada exitosamente""",3679,0,2,2,https://homebanking-demo.onrender.com/pagos/servicios,0,0,133,null,null,null,null,null,null,null,null,null,null,null
1771029728574,2844,Petición HTTP,Non HTTP response code: java.net.SocketException,Non HTTP response message: Socket operation on nonsocket: connect,pagos_servicios 1-15,text,false,"""Transferencia realizada exitosamente""",2665,0,2,2,https://homebanking-demo.onrender.com/pagos/servicios,0,0,2844,null,null,null,null,null,null,null,null,null,null,null
1771029735020,1483,Petición HTTP,200,OK,pagos_servicios 1-1,text,false,"""Transferencia realizada exitosamente""",433,270,2,2,https://homebanking-demo.onrender.com/pagos/servicios,1483,0,112,null,null,null,null,null,null,null,null,null,null,null
1771029737019,1471,Petición HTTP,200,OK,pagos_servicios 1-3,text,false,"""Transferencia realizada exitosamente""",433,270,3,3,https://homebanking-demo.onrender.com/pagos/servicios,1471,0,110,null,null,null,null,null,null,null,null,null,null,null
1771029736025,3681,Petición HTTP,200,OK,pagos_servicios 1-2,text,false,"""Transferencia realizada exitosamente""",433,270,3,3,https://homebanking-demo.onrender.com/pagos/servicios,3681,0,1125,null,null,null,null,null,null,null,null,null,null,null
1771029738020,2873,Petición HTTP,200,OK,pagos_servicios 1-4,text,false,"""Transferencia realizada exitosamente""",433,270,3,3,https://homebanking-demo.onrender.com/pagos/servicios,2873,0,108,null,null,null,null,null,null,null,null,null,null,null
1771029739020,3076,Petición HTTP,200,OK,pagos_servicios 1-5,text,false,"""Transferencia realizada exitosamente""",433,270,4,4,https://homebanking-demo.onrender.com/pagos/servicios,3075,0,110,null,null,null,null,null,null,null,null,null,null,null
1771029740020,3270,Petición HTTP,200,OK,pagos_servicios 1-6,text,false,"""Transferencia realizada exitosamente""",433,270,4,4,https://homebanking-demo.onrender.com/pagos/servicios,3270,0,127,null,null,null,null,null,null,null,null,null,null,null
1771029741019,3475,Petición HTTP,200,OK,pagos_servicios 1-7,text,false,"""Transferencia realizada exitosamente""",433,270,4,4,https://homebanking-demo.onrender.com/pagos/servicios,3474,0,107,null,null,null,null,null,null,null,null,null,null,null
1771029742020,3680,Petición HTTP,200,OK,pagos_servicios 1-8,text,false,"""Transferencia realizada exitosamente""",433,270,4,4,https://homebanking-demo.onrender.com/pagos/servicios,3679,0,128,null,null,null,null,null,null,null,null,null,null,null
1771029744020,2881,Petición HTTP,200,OK,pagos_servicios 1-10,text,false,"""Transferencia realizada exitosamente""",433,270,4,4,https://homebanking-demo.onrender.com/pagos/servicios,2881,0,121,null,null,null,null,null,null,null,null,null,null,null
1771029745020,3090,Petición HTTP,200,OK,pagos_servicios 1-11,text,false,"""Transferencia realizada exitosamente""",433,270,5,5,https://homebanking-demo.onrender.com/pagos/servicios,3089,0,155,null,null,null,null,null,null,null,null,null,null,null
1771029746020,3286,Petición HTTP,200,OK,pagos_servicios 1-12,text,false,"""Transferencia realizada exitosamente""",433,270,5,5,https://homebanking-demo.onrender.com/pagos/servicios,3285,0,167,null,null,null,null,null,null,null,null,null,null,null
1771029747022,3478,Petición HTTP,200,OK,pagos_servicios 1-13,text,false,"""Transferencia realizada exitosamente""",433,270,5,5,https://homebanking-demo.onrender.com/pagos/servicios,3477,0,110,null,null,null,null,null,null,null,null,null,null,null
1771029743020,8696,Petición HTTP,200,OK,pagos_servicios 1-9,text,false,"""Transferencia realizada exitosamente""",433,270,5,5,https://homebanking-demo.onrender.com/pagos/servicios,8696,0,1162,null,null,null,null,null,null,null,null,null,null,null
1771029748031,4882,Petición HTTP,200,OK,pagos_servicios 1-14,text,false,"""Transferencia realizada exitosamente""",433,270,5,5,https://homebanking-demo.onrender.com/pagos/servicios,4881,0,1117,null,null,null,null,null,null,null,null,null,null,null
1771029750019,4085,Petición HTTP,200,OK,pagos_servicios 1-16,text,false,"""Transferencia realizada exitosamente""",433,270,6,6,https://homebanking-demo.onrender.com/pagos/servicios,4084,0,112,null,null,null,null,null,null,null,null,null,null,null
1771029751020,4296,Petición HTTP,200,OK,pagos_servicios 1-17,text,false,"""Transferencia realizada exitosamente""",433,270,6,6,https://homebanking-demo.onrender.com/pagos/servicios,4295,0,112,null,null,null,null,null,null,null,null,null,null,null
1771029752019,4504,Petición HTTP,200,OK,pagos_servicios 1-18,text,false,"""Transferencia realizada exitosamente""",433,270,6,6,https://homebanking-demo.onrender.com/pagos/servicios,4504,0,155,null,null,null,null,null,null,null,null,null,null,null
1771029753032,4694,Petición HTTP,200,OK,pagos_servicios 1-19,text,false,"""Transferencia realizada exitosamente""",433,270,6,6,https://homebanking-demo.onrender.com/pagos/servicios,4694,0,143,null,null,null,null,null,null,null,null,null,null,null
1771029749022,9906,Petición HTTP,200,OK,pagos_servicios 1-15,text,false,"""Transferencia realizada exitosamente""",433,270,6,6,https://homebanking-demo.onrender.com/pagos/servicios,9905,0,1153,null,null,null,null,null,null,null,null,null,null,null
1771029754020,6093,Petición HTTP,200,OK,pagos_servicios 1-20,text,false,"""Transferencia realizada exitosamente""",433,270,6,6,https://homebanking-demo.onrender.com/pagos/servicios,6093,0,129,null,null,null,null,null,null,null,null,null,null,null
1771029755021,6292,Petición HTTP,200,OK,pagos_servicios 1-21,text,false,"""Transferencia realizada exitosamente""",433,270,5,5,https://homebanking-demo.onrender.com/pagos/servicios,6291,0,131,null,null,null,null,null,null,null,null,null,null,null
1771029758019,4508,Petición HTTP,200,OK,pagos_servicios 1-24,text,false,"""Transferencia realizada exitosamente""",433,270,4,4,https://homebanking-demo.onrender.com/pagos/servicios,4508,0,154,null,null,null,null,null,null,null,null,null,null,null
1771029757019,6704,Petición HTTP,200,OK,pagos_servicios 1-23,text,false,"""Transferencia realizada exitosamente""",433,270,3,3,https://homebanking-demo.onrender.com/pagos/servicios,6704,0,1124,null,null,null,null,null,null,null,null,null,null,null
1771029759019,5904,Petición HTTP,200,OK,pagos_servicios 1-25,text,false,"""Transferencia realizada exitosamente""",433,270,2,2,https://homebanking-demo.onrender.com/pagos/servicios,5904,0,117,null,null,null,null,null,null,null,null,null,null,null
1771029756019,10104,Petición HTTP,200,OK,pagos_servicios 1-22,text,false,"""Transferencia realizada exitosamente""",433,270,1,1,https://homebanking-demo.onrender.com/pagos/servicios,10103,0,3147,null,null,null,null,null,null,null,null,null,null,null
1771031001767,1967,Petición HTTP,200,OK,pagos_servicios 1-1,text,false,"""Transferencia realizada exitosamente""",433,270,2,2,https://homebanking-demo.onrender.com/pagos/servicios,1967,0,372,null,null,null,null,null,null,null,null,null,null,null
1771031002765,2148,Petición HTTP,200,OK,pagos_servicios 1-2,text,false,"""Transferencia realizada exitosamente""",433,270,3,3,https://homebanking-demo.onrender.com/pagos/servicios,2148,0,276,null,null,null,null,null,null,null,null,null,null,null
1771031003766,2352,Petición HTTP,200,OK,pagos_servicios 1-3,text,false,"""Transferencia realizada exitosamente""",433,270,3,3,https://homebanking-demo.onrender.com/pagos/servicios,2352,0,183,null,null,null,null,null,null,null,null,null,null,null
1771031004766,2583,Petición HTTP,200,OK,pagos_servicios 1-4,text,false,"""Transferencia realizada exitosamente""",433,270,3,3,https://homebanking-demo.onrender.com/pagos/servicios,2582,0,271,null,null,null,null,null,null,null,null,null,null,null
1771031005767,2789,Petición HTTP,200,OK,pagos_servicios 1-5,text,false,"""Transferencia realizada exitosamente""",433,270,3,3,https://homebanking-demo.onrender.com/pagos/servicios,2789,0,162,null,null,null,null,null,null,null,null,null,null,null
1771031007769,2109,Petición HTTP,200,OK,pagos_servicios 1-7,text,false,"""Transferencia realizada exitosamente""",433,270,4,4,https://homebanking-demo.onrender.com/pagos/servicios,2108,0,312,null,null,null,null,null,null,null,null,null,null,null
1771031006772,4156,Petición HTTP,200,OK,pagos_servicios 1-6,text,false,"""Transferencia realizada exitosamente""",433,270,4,4,https://homebanking-demo.onrender.com/pagos/servicios,4156,0,346,null,null,null,null,null,null,null,null,null,null,null
1771031008767,3574,Petición HTTP,200,OK,pagos_servicios 1-8,text,false,"""Transferencia realizada exitosamente""",433,270,4,4,https://homebanking-demo.onrender.com/pagos/servicios,3574,0,253,null,null,null,null,null,null,null,null,null,null,null
1771031009770,3576,Petición HTTP,200,OK,pagos_servicios 1-9,text,false,"""Transferencia realizada exitosamente""",433,270,4,4,https://homebanking-demo.onrender.com/pagos/servicios,3575,0,340,null,null,null,null,null,null,null,null,null,null,null
1771031010768,3768,Petición HTTP,200,OK,pagos_servicios 1-10,text,false,"""Transferencia realizada exitosamente""",433,270,4,4,https://homebanking-demo.onrender.com/pagos/servicios,3767,0,197,null,null,null,null,null,null,null,null,null,null,null
1771031011766,3976,Petición HTTP,200,OK,pagos_servicios 1-11,text,false,"""Transferencia realizada exitosamente""",433,270,4,4,https://homebanking-demo.onrender.com/pagos/servicios,3975,0,746,null,null,null,null,null,null,null,null,null,null,null
1771031012767,4225,Petición HTTP,200,OK,pagos_servicios 1-12,text,false,"""Transferencia realizada exitosamente""",433,270,5,5,https://homebanking-demo.onrender.com/pagos/servicios,4225,0,365,null,null,null,null,null,null,null,null,null,null,null
1771031014768,3380,Petición HTTP,200,OK,pagos_servicios 1-14,text,false,"""Transferencia realizada exitosamente""",433,270,5,5,https://homebanking-demo.onrender.com/pagos/servicios,3380,0,238,null,null,null,null,null,null,null,null,null,null,null
1771031015766,3585,Petición HTTP,200,OK,pagos_servicios 1-15,text,false,"""Transferencia realizada exitosamente""",433,270,5,5,https://homebanking-demo.onrender.com/pagos/servicios,3584,0,267,null,null,null,null,null,null,null,null,null,null,null
1771031013769,6779,Petición HTTP,200,OK,pagos_servicios 1-13,text,false,"""Transferencia realizada exitosamente""",433,270,5,5,https://homebanking-demo.onrender.com/pagos/servicios,6779,0,295,null,null,null,null,null,null,null,null,null,null,null
1771031019767,1647,Petición HTTP,Non HTTP response code: javax.net.ssl.SSLException,Non HTTP response message: Socket closed,pagos_servicios 1-19,text,false,"""Transferencia realizada exitosamente""",3679,0,5,5,https://homebanking-demo.onrender.com/pagos/servicios,0,0,383,null,null,null,null,null,null,null,null,null,null,null
1771031017768,3647,Petición HTTP,Non HTTP response code: javax.net.ssl.SSLException,Non HTTP response message: Socket closed,pagos_servicios 1-17,text,false,"""Transferencia realizada exitosamente""",3679,0,5,5,https://homebanking-demo.onrender.com/pagos/servicios,0,0,375,null,null,null,null,null,null,null,null,null,null,null
1771031016770,4646,Petición HTTP,Non HTTP response code: javax.net.ssl.SSLException,Non HTTP response message: Socket closed,pagos_servicios 1-16,text,false,"""Transferencia realizada exitosamente""",3679,0,3,3,https://homebanking-demo.onrender.com/pagos/servicios,0,0,278,null,null,null,null,null,null,null,null,null,null,null
1771031018767,2650,Petición HTTP,Non HTTP response code: javax.net.ssl.SSLException,Non HTTP response message: Socket closed,pagos_servicios 1-18,text,false,"""Transferencia realizada exitosamente""",3679,0,2,2,https://homebanking-demo.onrender.com/pagos/servicios,0,0,191,null,null,null,null,null,null,null,null,null,null,null
1771031020767,650,Petición HTTP,Non HTTP response code: java.net.SocketException,Non HTTP response message: Socket operation on nonsocket: connect,pagos_servicios 1-20,text,false,"""Transferencia realizada exitosamente""",2665,0,2,2,https://homebanking-demo.onrender.com/pagos/servicios,0,0,650,null,null,null,null,null,null,null,null,null,null,null
1771031217349,1704,Petición HTTP,200,OK,pagos_servicios 1-1,text,false,"""Transferencia realizada exitosamente""",433,270,2,2,https://homebanking-demo.onrender.com/pagos/servicios,1703,0,147,null,null,null,null,null,null,null,null,null,null,null
1771031218348,1917,Petición HTTP,200,OK,pagos_servicios 1-2,text,false,"""Transferencia realizada exitosamente""",433,270,2,2,https://homebanking-demo.onrender.com/pagos/servicios,1916,0,139,null,null,null,null,null,null,null,null,null,null,null
1771031219347,2110,Petición HTTP,200,OK,pagos_servicios 1-3,text,false,"""Transferencia realizada exitosamente""",433,270,3,3,https://homebanking-demo.onrender.com/pagos/servicios,2110,0,119,null,null,null,null,null,null,null,null,null,null,null
1771031220348,2319,Petición HTTP,200,OK,pagos_servicios 1-4,text,false,"""Transferencia realizada exitosamente""",433,270,3,3,https://homebanking-demo.onrender.com/pagos/servicios,2318,0,153,null,null,null,null,null,null,null,null,null,null,null
1771031222347,1131,Petición HTTP,Non HTTP response code: javax.net.ssl.SSLException,Non HTTP response message: Socket closed,pagos_servicios 1-6,text,false,"""Transferencia realizada exitosamente""",3679,0,3,3,https://homebanking-demo.onrender.com/pagos/servicios,0,0,172,null,null,null,null,null,null,null,null,null,null,null
1771031221348,2132,Petición HTTP,Non HTTP response code: javax.net.ssl.SSLException,Non HTTP response message: Socket closed,pagos_servicios 1-5,text,false,"""Transferencia realizada exitosamente""",3679,0,3,3,https://homebanking-demo.onrender.com/pagos/servicios,0,0,112,null,null,null,null,null,null,null,null,null,null,null
1771031223348,133,Petición HTTP,Non HTTP response code: javax.net.ssl.SSLException,Non HTTP response message: Socket closed,pagos_servicios 1-7,text,false,"""Transferencia realizada exitosamente""",3679,0,1,1,https://homebanking-demo.onrender.com/pagos/servicios,0,0,112,null,null,null,null,null,null,null,null,null,null,null
1771031269154,1511,Petición HTTP,200,OK,pagos_servicios 1-1,text,true,,433,270,2,2,https://homebanking-demo.onrender.com/pagos/servicios,1511,0,136,null,null,null,null,null,null,null,null,null,null,null
1771031270169,1691,Petición HTTP,200,OK,pagos_servicios 1-2,text,true,,433,270,2,2,https://homebanking-demo.onrender.com/pagos/servicios,1691,0,111,null,null,null,null,null,null,null,null,null,null,null
1771031271154,1935,Petición HTTP,200,OK,pagos_servicios 1-3,text,true,,433,270,2,2,https://homebanking-demo.onrender.com/pagos/servicios,1934,0,148,null,null,null,null,null,null,null,null,null,null,null
1771031272154,2124,Petición HTTP,200,OK,pagos_servicios 1-4,text,true,,433,270,3,3,https://homebanking-demo.onrender.com/pagos/servicios,2124,0,113,null,null,null,null,null,null,null,null,null,null,null
1771031273154,2326,Petición HTTP,200,OK,pagos_servicios 1-5,text,true,,433,270,3,3,https://homebanking-demo.onrender.com/pagos/servicios,2326,0,266,null,null,null,null,null,null,null,null,null,null,null
1771031274154,2525,Petición HTTP,200,OK,pagos_servicios 1-6,text,true,,433,270,3,3,https://homebanking-demo.onrender.com/pagos/servicios,2524,0,232,null,null,null,null,null,null,null,null,null,null,null
1771031276153,1714,Petición HTTP,200,OK,pagos_servicios 1-8,text,true,,433,270,3,3,https://homebanking-demo.onrender.com/pagos/servicios,1714,0,117,null,null,null,null,null,null,null,null,null,null,null
1771031275154,3924,Petición HTTP,200,OK,pagos_servicios 1-7,text,true,,433,270,3,3,https://homebanking-demo.onrender.com/pagos/servicios,3923,0,127,null,null,null,null,null,null,null,null,null,null,null
1771031277153,3120,Petición HTTP,200,OK,pagos_servicios 1-9,text,true,,433,270,4,4,https://homebanking-demo.onrender.com/pagos/servicios,3119,0,108,null,null,null,null,null,null,null,null,null,null,null
1771031278153,3319,Petición HTTP,200,OK,pagos_servicios 1-10,text,true,,433,270,4,4,https://homebanking-demo.onrender.com/pagos/servicios,3319,0,121,null,null,null,null,null,null,null,null,null,null,null
1771031279154,3535,Petición HTTP,200,OK,pagos_servicios 1-11,text,true,,433,270,4,4,https://homebanking-demo.onrender.com/pagos/servicios,3534,0,151,null,null,null,null,null,null,null,null,null,null,null
1771031280167,3712,Petición HTTP,200,OK,pagos_servicios 1-12,text,true,,433,270,4,4,https://homebanking-demo.onrender.com/pagos/servicios,3712,0,119,null,null,null,null,null,null,null,null,null,null,null
1771031281154,3928,Petición HTTP,200,OK,pagos_servicios 1-13,text,true,,433,270,4,4,https://homebanking-demo.onrender.com/pagos/servicios,3927,0,112,null,null,null,null,null,null,null,null,null,null,null
1771031283153,3145,Petición HTTP,200,OK,pagos_servicios 1-15,text,true,,433,270,5,5,https://homebanking-demo.onrender.com/pagos/servicios,3145,0,153,null,null,null,null,null,null,null,null,null,null,null
1771031284154,3334,Petición HTTP,200,OK,pagos_servicios 1-16,text,true,,433,270,5,5,https://homebanking-demo.onrender.com/pagos/servicios,3333,0,123,null,null,null,null,null,null,null,null,null,null,null
1771031282154,6540,Petición HTTP,200,OK,pagos_servicios 1-14,text,true,,433,270,5,5,https://homebanking-demo.onrender.com/pagos/servicios,6539,0,141,null,null,null,null,null,null,null,null,null,null,null
1771031285154,4730,Petición HTTP,200,OK,pagos_servicios 1-17,text,true,,433,270,5,5,https://homebanking-demo.onrender.com/pagos/servicios,4729,0,114,null,null,null,null,null,null,null,null,null,null,null
1771031286155,4944,Petición HTTP,200,OK,pagos_servicios 1-18,text,true,,433,270,5,5,https://homebanking-demo.onrender.com/pagos/servicios,4944,0,155,null,null,null,null,null,null,null,null,null,null,null
1771031288158,4147,Petición HTTP,200,OK,pagos_servicios 1-20,text,true,,433,270,6,6,https://homebanking-demo.onrender.com/pagos/servicios,4147,0,146,null,null,null,null,null,null,null,null,null,null,null
1771031290153,2567,Petición HTTP,Non HTTP response code: javax.net.ssl.SSLException,Non HTTP response message: Socket closed,pagos_servicios 1-22,text,false,"""Transferencia realizada exitosamente""",3679,0,5,5,https://homebanking-demo.onrender.com/pagos/servicios,0,0,167,null,null,null,null,null,null,null,null,null,null,null
1771031291153,1568,Petición HTTP,Non HTTP response code: javax.net.ssl.SSLException,Non HTTP response message: Socket closed,pagos_servicios 1-23,text,false,"""Transferencia realizada exitosamente""",3679,0,5,5,https://homebanking-demo.onrender.com/pagos/servicios,0,0,152,null,null,null,null,null,null,null,null,null,null,null
1771031292154,568,Petición HTTP,Non HTTP response code: javax.net.ssl.SSLException,Non HTTP response message: Socket closed,pagos_servicios 1-24,text,false,"""Transferencia realizada exitosamente""",3679,0,3,3,https://homebanking-demo.onrender.com/pagos/servicios,0,0,106,null,null,null,null,null,null,null,null,null,null,null
1771031289158,3566,Petición HTTP,Non HTTP response code: javax.net.ssl.SSLException,Non HTTP response message: Socket closed,pagos_servicios 1-21,text,false,"""Transferencia realizada exitosamente""",3679,0,2,2,https://homebanking-demo.onrender.com/pagos/servicios,0,0,151,null,null,null,null,null,null,null,null,null,null,null
1771031287158,5567,Petición HTTP,Non HTTP response code: javax.net.ssl.SSLException,Non HTTP response message: Socket closed,pagos_servicios 1-19,text,false,"""Transferencia realizada exitosamente""",3679,0,1,1,https://homebanking-demo.onrender.com/pagos/servicios,0,0,121,null,null,null,null,null,null,null,null,null,null,null
